Business Entity Name,Trading Name,ABN,Clients
3FC Group,3FC Group,82126759528,Macquarie Harbour Mining Limited,Wacker Chemicals Australia
Acacia Rose Media,Acacia Rose Media,25370065636,Menzies Harrison Family Trust
Adrienne M Ryan,Touchpoint Australia,95805458236,Cove Sports Club,North Shore Bridge Club,BHIG Project,The Australian Hotels Association,Coca-Cola Amatil
Advance Consulting and Services,Advance Consulting and Services,19122181417,Orion Satellite Systems Pty Ltd
Aegis Consulting Australia Pty Ltd,Aegis Consulting Australia Pty Ltd,32100477147,Accor Asia Pacific,Accor Services,Australasian Regional Association of Zoos and Aquaria (ARAZPA),Blue Line Cruises,Health and Productivity Institute of Australia (HAPIA),Insulation Express,Diabetes Support Services,Australian Pacific Touring
Aequum Pty Ltd,Aequum Pty Ltd,64068639912,Godfrey Remuneration Group,EL & C Baillieu Stockbroking Ltd,Deloitte,Oil Search,Insurance Australia Group,Computershare,Metcash,National Australia Bank,Ernst & Young,Link Market Services,PricewaterhouseCoopers,AON,KPMG,ANZ,MinterEllison,Macquarie Equities Limited
AG & NJ SHORT,Graham Short Consulting,38012868875,Association of Mining and Exploration Companies
Alkar Pty Ltd,Allan King Consultancy,16007797793,Galbraith & Co.,itSMF,Riverina and Murray Regional Organisation of Councils (RamroC)
Ally Group,Ally Group,11064699029,BioPower Group,Capital C Consultants,Molonglo Group,The Buttery
Andromeda Partners Pty Ltd,Andromeda Partners,57101169868,iSOFT Group Ltd
Arelmedia Management,Arelmedia Management,25827079397,Tasmanian Mens Shed Association
AusAccess Unit Trust,AusAccess Pty Limited,80903159148,Polycom Australia,GlaxoSmithKline,Hindmarsh,Tibco,TECC Pty Ltd,Promethean Limited,Foster's Group,Advenio Group,Sun Microsystems,Recruitment and Consulting Services Association,Queensland University of Technology,Mincom,Global Defence Industries,Ericsson,eo Financial Services,Samsung Techwin
Australian Public Affairs,Australian Public Affairs,20098705403,Ecosave,Covidien,Kraft,EPURON
Australian Spectrum Consultants Pty Ltd,Australian Spectrum Consultants Pty Ltd,45079232116,GlobeCast Australia,Australian Mobile Telecommunications Association,Thales International Asia PTE LTD,Globalstar Inc,European Commission (Galileo),Qualcomm International,Foxtel Management Pty Ltd
aviation and tourism magement  p/l,aviation and tourism management p/l,40006560998,cathay pacific airways ltd,qatar airways ltd
Aviops Pty Ltd acting as trustee for the McCormack Family Trust,Aviops Pty Ltd,41843147963,Chemring Australia Pty Ltd,General Electric Aviation
Barry Charles Matson,SpectrumWise Radiocommunications Consulting,42263453761,Australian Radiocommunications Industry Association,International Telecommunications Union Development Branch,Auto CRC,Austroads,Transfinite Systems,Access Partnership,Australian Radio Communications Industry association
Bartholomew Quinn and Associates,Bartholomew Quinn and Associates,97009584105,Tas Paper,PaperlinX,Cadbury Schweppes,Simplot Australia,McCain Foods (Aust),J Boag and Son,Cascade,Waterfront Business Community,Shaw Contracting,Norske Skog
BartonDale Partners,BartonDale Consulting and Contracting,55792126904,HuffnPuff Construction,NewSat  Limited
BEACONHILL  Global Pty Ltd,BEACONHILL Consultig,14121343860,EcoCover Developments Ltd
Belman Consulting Pty Ltd,Belman Consulting,71133436665,Tenix Pty Limited
Bernard J Eades,Bernard Eades and Associates,72655993812,Australian Made Campaign Ltd,The Australian Institute of Export
Bespoke Approach Pty Ltd as trustee for Bespoke Approach Unit Trust,Bespoke Approach,45156568237,Clarke Energy (Australia) Pty Ltd,Energy Developments Ltd,Envirogen Pty Ltd,Forbes Oil & Gas Pty Ltd,Regal Resources Ltd,Magma Oil Pty Ltd,KKR,Billabong Australia,Minmetals Australia Pty Ltd,Yanzhou Coal Mining Company Limited,Hastings Funds Management
Bluegrass Consulting Pty Ltd,Bluegrass Consulting Pty Ltd,66099386786,Cumberland Industries Ltd.,Network Airports and Aviation Pty Ltd,Australasian Casino Association,QES Pty Ltd,P7 Technologies Pty Ltd,Smartnet Pty Ltd,Australian Wings Academy Pty Ltd,Australia Asia Flight Academy Pty Ltd
Bluestone Consulting Pty Ltd,Bluestone Consulting,36132480276,Australia Pacific Airports (Launceston),Australia Pacific Airports (Melbourne),Australia Pacific Airports Corporation,Westralia Airports Corporation
Border Management Advisory Services Pty Ltd,Border Management Advisory Services Pty Ltd,79093899462,Hellweg International Pty Ltd,KAZ Group Pty Ltd,KPMG,Argus Solutions Ltd
Bramex Pty Ltd,Bramex Pty Ltd,25008547877,Link Communications Corporation Pty Ltd,Biotronik Australia Pty Ltd and Biotronik GmbH Germany,Mr Dick Smith,HCJB Global Voice Australia,Quantum Multimedia Communications Pty Ltd,Motorola Australia Pty Ltd,Iridium Satellite LLC and Iridium Subsidiary Corporations,Intelsat Corporation and Intelsat Subsidiary Corporations
Brand Consulting,DJ Brand Family Trust,37119634426,Complementary Healthcare Council of Australia,Family Care Medical Services
Bredhauer Consulting Services,Bredhauer Consulting Services,36109136012,Leighton Contractors P/L
Brumfield Bird and Sandford Pty Ltd,"BBS Communications, Public Relations and Business Advisors",34010899779,Colorado Group,Pregno Family Investments,Queensland Brain Institute
BTelecom Pty Ltd,BTelecom Pty Ltd,85131323352,Chamberlains SBR Chartered Accountants,Dragnet Internet Services Pty Ltd,Digital River Networks Pty Ltd
Burson-Marsteller Pty. Ltd.,Burson-Marsteller,23001951515,Huawei Technologies,Human Enteral Nutrition Group,Australian Lung Foundation,Qualcomm,Hewlett Packard
Bush Consulting Services Pty Ltd,Bush-Consulting,71105001081,BearingPoint,SAP,Curam Software,Australian Visual Software Distributors Association,Accenture,Deloitte
Business Group Australia Pty Ltd,Business Group Australia Pty Ltd,40119563683,Salvation Army,Hager B&R,ACE National,Unisys,Careers Australia Group,Blended Learning International,Resturant and Catering Australia,National Retail Association,National Electrical and Communications Association,CSIRO,Australiasian Railways Association,Australian Petroleum Production and Exploration Association Ltd,Australian Hotels Association,Stowe Australia
Businesscertainty.com Pty Ltd,Businesscertainty.com Pty Ltd,90065051685,Woodside Energy Limited,Australian Petroleum Production & Exploration Association
Cameron Milner,Milner Strategic Services,24957388494,OPR,Ausenco,Visy,Rio Tinto,Liberty Resources,Hancock Prospecting,ATEC,AFSSDA,ASG,Greencell,Carbon Energy,Perdaman Chemicals
Campaignwinners Pty. Ltd.,Campaignwinners,16127363875,Diageo Asia Pacific,Apple,Computers Now Pty Ltd - iCorp
Capital Link (Canberra) Pty  as Trustee for the Mulcahy Family Trust,Capital link (Canberra) Pty Ltd,97502518018,Holmes Institute,Australian Egg Corporation Limited,Independent Liquor Group Co-operative Limited
Cato Counsel,Cato Counsel,93103996952,Vast Solar,Australian Design Unit,RFC Corporate Finance,The Benevolent Society,Sydney Conservatorium of Music,Roslyn Oxley9 Gallery,Pacific Brands,I-Med,KPMG Corporate Finance (Aust) Pty Ltd,National Indigenous TV Limited,Museum of Contemporary Art,Telstra Corporation Limited,Gunns Limited,The Crane Group,Alcatel-Lucent Australiasia,The Sydney Symphony
CC Fryar & DP Gazard,ADVISE,13995030765,Australian College of Cosmetic Surgery
"Cemdia Pty, Ltd",Cemdia,49006518412,Unwired Australia,Free TV Australia
Chikarovski & Associates Pty Ltd,Chikarovski & Associates Pty Ltd,92715851492,3 Com,Azure Energy Ltd,Muru Mittigar Pty Ltd,EOC Group Pty Ltd,Step to the Future Foundation,Career Faqs
CHRIS SCHACHT,CHRIS SCHACHT,19927269400,PILATUS
Cicero Communications,Cicero Communications,63115216478,APN News & Media
Clamshred Pty Ltd,Clamshred Pty Ltd,12114916960,Standards Australia
"Clark, Kerren G",Numbat Consulting,98879897568,Australian Sonographers Association,Bio21 Cluster,Health Services Union,BioGrid,eProgram
Clean Waters Model Pty Ltd ATF CWM Unit Trust,Clean Waters Model,23005802061,Queensland Murray Darling Committee
Clearmarketing Pty Limited,Clearmarketing Pty Limited,47002556309,Computer Associates (Pacific) Pty Limited,AHA (NSW) Pty Limited
Clifton Consulting Services Pty Ltd,Clifton Group,77076836792,Ausaccess,Fosters Brewing Group,Innova soil technology,Monash Energy,Smith & Nephew,Bionic Ear Institute
Clive Troy,Phililppine Commerce and Trade Advisory Service,37496781162,Acoustica Pty Ltd,Infratex Philippines Inc
Clough Consulting Services Pty Ltd,Clough Consulting Services Pty Ltd,52105979600,Magellan Metals Pty Ltd,Tiwest Joint Venture,Hall and Prior Aged Care,Wren Oil,ReadyTrace Inc.
CMAX Communications,CMAX Communications PTY LTD,73130740546,Sydney Theatre Company,Grains Council of Australia
CMCS Group Australia Pty Ltd,CMCS Australia,23125159891,Sunshine Coast Airport,Cape Alumina,FirstMac,The Doctors Company
CMW and Associates Pty Ltd,Regional Breakthroughs,99859629418,ANZAAS,WDDC
Colleen Forrester & Associates Pty Ltd,Colleen Forrester & Associates Pty Ltd,51095202092,AFUW-Q,2nd Chance Fundraising Program,National Generators Forum,Aurora Marketing,Alpha Tykes,Axcen,Mining Industry Skills Centre,InterGen Australia
Community Solutions (Trading Name of JK Elix & JA Lambert Pty Ltd),Community Solutions,12085853372,Nature Conservation Council of NSW
Connelly Public Relations Pty Ltd,CPR Group,38097022994,Australia Zoo / Silverback Properties Pty Ltd
Consilium International Group Pty Ltd,Consilium International Group Pty Ltd,84094846358,SAP Australia
Content Group Pty Ltd,Content Group Pty Ltd,40056881844,Territory Venue & Events,Office of Commissioner Sustainability & Environment,Village Building Company,Roads ACT,Canberra Convention Bureau,ACT Treasury,Austalian Sport Commission,Canoe Kayak Australia,Australian Scientific Instruments,Clubs ACT,Rowing Australia,PrimeSpace Property Investment,Walter Turnbull,eWater CRC,Chief Minister's Department,Exhibition Park,Eastlake Football Club,ACT Planning and Land Authority
Corporate Words Australia Pty Limited,Corporate Words,66149763900,MEO Australia Limited
Cosway Australia Pty Ltd,Cosway Australia Pty Ltd,62010527581,Energy Developments
Cotterell Jannette Suzanne,Executive Counsel - Australia,51364113263,Private Cancer Physicians of Australia,Access Australia,The State Government of Victoria - Department of Industry,Genworth Financial,Community Pharmacy Chemotherapy Services Group,National Association of Specialist Obstetricians and Gynaecologists,Peter Cullen Water and Environment Trust,eWater Corporative Research Centre,Professionals for Safe Cancer Treatment
CPR Communications & Public Relations Pty Ltd,CPR Communications & Public Relations Pty Ltd,94064357544,The Barossa Council,AdPartners,Australian Marine Biodiversity Hub,Air New Zealand,ANSTO,Moorabbin Airport Corporation Pty Ltd,Australian Hotels Association (South Australia Branch),Australian Institute of Company Directors - Victorian Division,Hazell Brothers Group,The Chrisco Group,The Griffin Group,The Royal Agricultural & Horticultural Society of South Australia Inc.,Monash University,BRGOC Wastenergy Pty Ltd,Yarra Valley Nursing Home,Open Universities Australia,EPAC Salary Solutions,Australian Nursing Federation,Aboriginal Health College,Leagues Clubs Australia,Australian Music Association,RBF Tasmania,Gull Petroleum,Accenture,CEPU,Degremont,EDS,Cosmetic Physicians Society of Australasia,Holding Redlich Lawyers,Cogent Energy,Lowell Pty Ltd,Mawallok Farming Partnership,The Australia and New Zealand Climate Change and Business Centre,Duty Free Security Company,AssetCo Management Pty Ltd,Praeco Pty Ltd,Babcock & Brown,Computer Sciences Corporation,Cooperative Research Centre for Aboriginal Health,Cooperative Research Centre for Integrated Engineering Asset Management,Diversity Council Australia,Eastern Transport Coalition,Flinders University,Futuris Corporation Limited,GE Healthcare Australia,Global Safety Solutions & Management - GSSM,Andrew McManus Presents (International) Pty Ltd,Migration Agents Registration Authority,Migration Institute of Australia,Henry Davis York,Arrowform,Tower Holdings,Sydney Eisteddfod,Abbotsford Convent Foundation,Pacific Hydro Pty Ltd,Kingspan Insulated Panels Pty Ltd,Sita - ResourceCo Alternative Fuels Company Pty Ltd,Outdoor Media Association,CropLife Australia,Baulderstone,Institute of Public Affairs Australia,GE Energy,Western Plains Landscape Guardians Association,Active Tree Services,Australasian Gaming Council,Australian Duty Free Association,Gaming Technologies Association,Leighton Contractors,Tindall Gask Bentley,Wildfire Suppression,GE Capital Finance Australia,Bayside City Council,Aboriginal Health and Medical Research Council,Southern Cross University,Aristocrat Leisure Limited,The Music Council of Australia,Australian Wireless Audio Group,Bayer Schering Pharma,La Trobe University,International Power,Keane Australia,Parsons Brinckerhoff,Police Association of South Australia,Nillumbik Shire Council,SITA Environmental Solutions,Sparke Helmore Lawyers,Stop the Drains Coalition,Straits Resources,Octapharma,The Bailey Group,Insightec,Aged Care Association Australia,Aged Care Services Group,Interactive Pty Ltd,Michael Pastorelli,Mildura Rural City Council,MyState Financial Credit Union,National Growth Areas Alliance,Bensons Property Group,Bovis Lend Lease,Brisbane Airport Corporation,Australian Country Choice,Solarfarm,E-Bisprint Pty Ltd,Brookfield Multiplex,Cobden District Health Service,Maritime Union of Australia,Independent Distillers Group,Elders Limited,Spencer Gulf & West Coast Prawn Fishermens Association Incorporated,New Future Alliance,Geofabrics Australasia Pty Ltd,Baker IDI Heart and Diabetes Institute,Australian Investors Association,Cameco Australia Pty Ltd
Craigleed Pty Ltd,McKew and Associates,91008657065,Singapore Airlines Ltd,Australian Pacific Airports Corporation,Melbourne Airport,Enhance Corporate Pty Ltd,Citigroup
CRAKYL Pty Ltd,CRAKYL Pty Ltd,40105759279,Rainbowforce Pty Ltd,Manns Homeworld,Gibbens Industries
Cultural Consulting,Cultural Consulting,87954656895,Mr Ian Siagian Member of the Indonesian National Parliament,FAIR Australia (Forum for Australian Islamic Relations),The Governor and Government of the Indonesian Province of Bali,The Governor and Government of the Indonesian Province of West Papua,The Indonesian Contractors Association (GAPENSI)
Cynergy Pty Ltd,Cynergy Pty Ltd,41008620326,Hydrological Services Pty Ltd,Biocentral Laboritories Limited,District Council of Ceduna,Lloyd Energy Systems Pty Ltd,Sentinel Pty Ltd,Tidal Energy Australia Pty Ltd,Pongrass Group Operations Pty Ltd
Damian McGreevy Consulting Pty Ltd,Damian McGreevy Consulting Pty Ltd,93136533330,Legend International Holdings
Dan Cass Consulting,Dan Cass Consulting,61007024046,Artecoop GmbH,Spark Solar Australia PL,Digital Eskimo PL
Dana Hughes,Green Energy Consulting,65946521503,Conergy Pty Ltd,Altaus Pty Ltd
Daskay Pty Ltd,David Simmons Corporate Communications,59103885392,KCI-Medical,The Buildev Group,OCTEC Incorporated,Newcastle and Hunter Rugby Union
DatelineMedia Group PTY LTD,DatelineMedia Group PTY LTD,54103218275,Optim Legal,Starfish Ventures,Novotech,Ausra
David Beddall and Associates Pty Ltd,David Beddall & Associates,30083705748,Industrea Ltd,Perilya ltd,Thiess Services,Franchisee Association of Australia Inc,Brisbane Grammar School,All Recruiting Services
David Hatt Consulting,"",No A.B.N,Satterley Property Group
David J Cass,David J Cass,54288569712,Australian Hotels Association (NSW)
David Sheil,David Sheil,50453876945,Murray Darling Association,Toro Australia
David Utting Communications,David Utting Communications,65934962748,Seapower Pacific,The Growing Garden,Claire Guiness Estate,Renewable Energy Holdings,UCVPA,Australian Home Heating Association,Carnegie Corporation
Day & Hodge Associates Pty Ltd,Day & Hodge Associates Pty Ltd,28088863852,Carpentaria Shire Council,Hologic (Australia) Pty Ltd,The Cycling Promotion Fund,Bicycle Industries Australia
Day Consultants Pty Ltd,Day Consultants,58124711217,The Australian Federation Against Copyright Theft
Dinorden Pty Ltd,Dinorden Pty Ltd,62062984472,IPA Personnel Pty Ltd,Verifact Pty Ltd,What Green Solutions Pty Ltd,Ambre Energy Limited,3Com Pty Ltd,MetroCoal Limited
DPL Medical Pty Limited,DPL Medical Pty Limited,79095745814,Bavarian Nordic A/S
Dr Robert Horton,Robert Horton,11798005465,Intelsat Corporation
Economia PDS Pty Ltd,Economia PDS,93105162445,Brenex Pty Ltd,Menangle Pastoral,Macquarie Bank,King Cotton,Almona Pty Ltd,Lindsay Bennelong
Economic Futures Australia,Economic Futures Australia Pty Ltd,60766285016,Queensland University of Technology,Desert Knowledge CRC
Edelman Public Relations Worldwide Pty Ltd,Edelman,40004846100,Jobfind Centres Australia,Angus Knight,One at a Time Foundation,MOSS,MASDAR,Standard and Poor's (S&P),Etihad Airways,Scottish Development International,Viterra Inc.
"EDWARDS, RONALD FREDERICK","EDWARDS, RONALD FREDERICK",66521133434,Seafood Experience Australia,Anglican Schools Commission,Commonwealth Fisheries Association,Austral Fisheries,Latitude Fisheries,Graham (Polly) Farmer Foundation,2020 Pty Ltd,Fremantle Octopus Company,Shark Bay Prawn Trawl Association,Goldcorp,Two Oceans Abalone
Elthos Consulting Pty Ltd,Elthos Consulting Pty LTd,62129201065,Resume Partners Pty Ltd
Emiliano Barzotto & Associates,Emiliano Barzotto & Associates,30092150701,Claremont Firearms,Sporting Shooters Association of Australia (WA),West TV Ltd
Endeavour Consulting Group Pty Ltd,Endeavour Consulting Group Pty Ltd,15351458331,Technical Real Estate,RAMROC,Ventracor Limited,University of Canberra,Village Building Company,CSR,Tomago Aluminium Company Pty Ltd,The Shell Company of Australia Ltd,Seven Network,Northern Land Council,MTAA Superannuation Fund Pty Ltd,Canberra Estates Consortium No 4,PEET Alkimos Pty Ltd,Alumina Limited,American Express International Incorporated,Westmead Millenium Institute,Linfox,Mega Uranium Ltd,ISS Australia,Incitec Pivot Pty Ltd,Hutchison 3G Australia Ltd,Energy Resources Australia Ltd,Christmas Island Phosphates,Rio Tinto Ltd,Rio Tinto Australia Pty Ltd (Coal and Allied),National Public Affairs Group,City West Property Holdings Pty Ltd,Hunter Radiology,Ure Chan Group,Unwired
Enhance Corporate Pty Ltd,Enhance Corporate,84095951134,Variety - The Children's Charity,Cape Alumina Pty Ltd,Cisco Systems Inc,Enhance Management,Gindalbie Metals Ltd,MacMillan Shakespeare Australia Pty Ltd,Novell,Turners and Growers Ltd,Guinness Peat Group (Australia) Pty Ltd,Australian General Practice Network,National Rugby League,Australian Rugby League,Brisbane Markets (Brismark),City Pacific,International Marina Development and Management,Ideas from Asia,E-Centric Innovations,National Stock Exchange,First Folio,General Sir John Monash Foundation,IOR Energy Pty Ltd,Lend Lease,Qenos,MaxNetwork Pty Ltd,The Law Society of New South Wales,Breez Finance Corporation Pty Ltd,Tri Investments Pty Ltd,Pivotel Group Pty Ltd,Swan Energy Pty Ltd,Li Zhang,Lian (David) Zhang,Vinyl Council Australia,Aluminium Corporation of China Limited,Iplex Water,Austcorp Group Limited,JobSupport Inc,Mincom Limited,Regional Holdings Pty Limited,Santos Limited,Surf Life Saving Australia Ltd,Surfing Australia Inc,Bond University,The Bridge Networks Pty Ltd,United Group Ltd,Careers Australia Group,WA Sustainable Energy Association,ENEnergy,Interactive Entertainment Association of Australia,Ginninderra Properties Pty Ltd,AIMTEK Pty Ltd,Metal Storm Limited,Careflight (NSW) Pty Ltd,Pressure Point Solutions Pty Ltd,Transfield Services Limited,Panoramic Resources Limited,LexisNexis Australia,Austcorp,Vision Brisbane Pty Ltd,Perfectflow Technology Pty Ltd,Starlight Children's Foundation (pro bono),PQ Lifestyles Ltd,Westside Community Services,Shannon Donaldson Pty Ltd trading as Province Promotions,Big Issue in Australia Ltd,Western Bulldogs Football Club,Lift Media Pty Ltd,Bontempo Nominees Pty Ltd,Mindax Limited,Pluton Resources Ltd,Retirement Care Pty Ltd,Australian Institute for Commercialisation,Dr Michael Hefferan,OPENetworks Pty Ltd,Bovis Lend Lease Pty Ltd (BLL Consulting)
Entree Vous Pty Ltd,Entree Vous Pty Ltd,51118083846,Shared Parenting Council of Australia,Alexion Australasia Pharmaceuticals Pty Ltd,Actelion Pharmaceuticals Australia and Asia Pacific
Eric Walsh Pty Ltd,Eric Walsh Pty Ltd,17008515366,Eurotorp GEIE,AleniaAeronautica,Prime Television,EABC Pty Ltd,MegaUranium Limited,Ramsay Health Care,Yamatji Marlpa Aboriginal Corporation
Essential Media Communications Pty Ltd,Essential Media Communications Pty Ltd,48074671462,Kimberley Land Council
European Asian Australasian Business Consultants Pty Limited,EAABC,40060176454,MBDA Italia S.p.A,Alenia Aermacchi SpA,Alenia Aeronautica SpA,EABC Pte Ltd,Eurotorp (G.E.I.E.),Oto Melara SpA,Societa Explosivi industriali SpA,ThyssenKrupp Transrapid GmbH,Whitehead Alenia Sistemi Subacqui SpA
FD Third Person,FD Third Person,46071979461,The Bethanie Group,Sims Group Limited,Pacific Equity Partners,Midwest Corporation,Landis+Gyr,Atlantis Resources Corporation,FMG
FIPRA Australia Pty Limited,FIPRA Australia,50078482596,FIPRA International,Miami,Royal Caribbean Cruises Limited,Royal Caribbean Cruises Australia
Fitzpatrick Woods Consulting,Fitzpatrick Woods Consulting,43128234293,APIA - Australasian Paper Industry Association,Construction Forestry Mining & Energy Union - Forestry & Furnishing Products Division
Five Rivers Pty Ltd,John Miner Communication,82002156747,Hunter Community Legal Centre Inc,Key Insights Pty Ltd,Orica Australia Limited
Fletchergroup Advisers Pty Ltd,Fletchergroup Advisers Pty Ltd,22129976110,PIVIT Pty Ltd,The Number (UK) Limited
Forbes Shardlow Pty Ltd,Forbes Shardlow Pty Ltd,67124336670,Australian Newsagents' Federation Limited,Baseplan Software Pty Limited,IVF Directors Group,National Association of Specialist Obstetricians and Gynaecologists,Willis Insurance Broking,Self Insured Services Australia Pty Limited,Fertility Society of Australia,Monash University,Linfox Pty Limited,Sarina Russo Group
Fordham Management Pty Ltd,Fordham Management Pty Ltd,60008735064,Primary Health Care Limited
Fowlstone Communications,Fowlstone Communications,74085739046,WorleyParsons,Eastern Nomad Buildings
Fremantle Consulting Group Pty Ltd,Fremantle Consulting Group,31076895737,Mt Welcome Co Pty Ltd,Ieramugadu Group Inc,Warngaba Pty Ltd,Pluton Resources,Ngarluma Aboriginal Corporation
G.CAMPBELL & K.L WEIL,POLMAS,77314379589,R.H.G. home loans group.,HOMESAFE SOLUTIONS PTY LTD
Galbraith & Company Pty Ltd,Galbraith & Company Pty Ltd,46125728609,Australian Computer Society,NT Airports,Intel,Juniper Networks,Tabcorp,Abigroup,TransACT
Gambolling Pty Ltd,Carney Associates,90008518545,DFS Australia Pty Ltd,James Richardson Group,National Centre for Asbestos Related Diseases,Australian Association of Consultant Physicians,Octapharma Australia,DIIRD - Victorian Government,EuroMaritime Consultancy,Deakin Prime,Outback Highway Development Council,Fairfax Media Ltd,Deakin University,Association of Australian Medical Research Institutes (AAMRI),University of Western Australia,Bicycle Network
Gary Nairn,Gary Nairn,95616141337,Netezza Corporation,Apt Business Solutions Pty Ltd,Qasco Surveys Pty Ltd,NGIS,Australian & New Zealand Land Information Council (ANZLIC),Omnilink Pty Ltd
GCRS Pty Ltd,Government and Community Relations Specialists,98106311415,Cement Australia,Thiess John Holland,Macmahon,Suncorp,Endeavour Foundation,Eaton Place Pty Ltd,DBCT Management,Surat Gladstone Pipeline Pty Ltd,Arrow Energy,HSP Property Pty Ltd,Coolum Lakes Pty Ltd,SEQ Properties
Geoff Conlon,Geoffrey Conlon,37030229072,H & D srl
Geoffrey Allen Consulting Services,Geoffrey Allen Consulting Services,61858623438,International SOS (Australasia) Pty.Ltd.
George Brownbill Consulting Pty Ltd,George Brownbill Pty Ltd,52009261965,Australian Osteopathic Association,Steigerwald gmbh,Flordis Pty Ltd,Ego Pharmaceuticals Pty Ltd,Australian Self-Medication Industry
George Weber & Associates Pty Ltd,George Weber & Associates Pty Ltd,51059489726,Novartis Vaccines
Glide Pty Ltd,Glide Strategic,35009338407,Spitfire Oil Pty Ltd
gobusiness.au pty ltd,gobusiness.au pty ltd,94137685299,Dental and Oral Health Therapist Associaton Queensland,Australian Dental and Oral Health Therapist Association
Government Relations Australia Advisory Pty Ltd,Government Relations Australia Advisory Pty Ltd,50082123822,Mitsubishi Motors Australia Limited,Downer EDI Ltd,Bilfinger Berger Project Investments Pty Ltd,HBF,L.E.K. Consulting,RBS Australia Pty Ltd,Torres Industries,Thiess Pty Ltd,Ultra Electronics Sonar & Communications System,iSelect,Advocates for Survivors of Child Abuse,Loy Yang Power,ABB Grain Ltd / Joe White Maltings,Alba Capital Partners,ALDI Stores,Allergan Australia Pty Ltd,Corrs Chambers Westgrath,Pharmacy Australia Centre of Excellence,Connectland Pty Ltd,WBHO Probuild,Crisis Support Services,Habitat for Humanity Australia,Navantia SA,Centro Properties Group,Education Access (Australia) Pty Ltd,Carrick Institute of Education Pty Ltd,Cambridge International College Pty Ltd,The Meridian International School Pty Ltd,Holmes Institute Pty Ltd,Betfair Australia,NearMap,Broadcast Australia,Australian Finance Group,Gull Energy,ING Direct,AGL Energy Limited,Mirabel Foundation,Cortez Enterprises Pty Ltd,Choice,Serco Group Pty Ltd,Townsville Enterprise Limited,Greyhound Racing NSW,Australian Recording Industry Association,QGC - a BG Group Business,Clemenger BBDO,Peabody Energy Australia,Aurora BioScience,Manly Harbour Developments Pty Ltd,Iland Property Developments Pty Ltd,ASX Limited,Australian Business Arts Foundation,Cobham Flight Operations & Services (Aust) / National Jet Systems,OZ Minerals Limited,Carnegie Corporation,Cyberonics Europe S A,Union Fenosa Wind Australia,Bilfinger Berger Services (Aust)  Pty Ltd,Capital Airport Group,Geodynamics Ltd,Music Industry Piracy Investigations,National Generators Forum,Newcastle Coal Infrastructure Group,Phonographic Performance Company of Australia,QBE Lender's Mortgage Insurance,United Utilities,eBay Australia & New Zealand  / Pay Pal,Fulton Hogan,AECOM Australia,PIMCO Australia Pty Ltd,CarterHoltHarvey Woodproducts Australia,ACCIONA Group,The RIV Group Pty Ltd,Rivercorp Pty Ltd,Carlson Wagonlit Travel,Ceramic Fuel Cells Limited,BP Australia,IDP Education Pty Ltd,Bicycle Network,Singapore Pools (Private) Limited
Government Relations Solutions Pty Ltd,GR Solutions,28125233543,Flinders Mines Limited,Eromanga Uranium Limited,Adelaide Equity Partners Ltd,South Australian Native Title Services Ltd,All Occasions Group Pty Ltd,Conics Ltd,Beach Petroleum Ltd,GTL Energy Ltd,Maximus Resources Ltd
Govstrat Pty Ltd,Govstrat,64964952044,Grocon Constructors (Qld) Pty Ltd,Catholic Archdiocese of Brisbane,Energy Retailers of Australia,Power Industries,Truenergy,Clubs Queensland
GRA Everingham Pty Ltd,GRA Everingham Pty Ltd,56131702755,Sasol Synfuels International,Wunan Foundation,AFG (Australian Finance Group),Sasol Chevron Consulting Ltd,Australian Food & Grocery Council,Carnegie Corporation,HBF,Gull Group of Companies,Murdoch University,National Insurance Brokers Association,Laing O'Rourke,Cobham National Jet,ConocoPhillips,TFS Group,Pacific Energy,Competitive Foods Australia Ltd,The Water & Carbon Group
Graham Edwards,"",No A.B.N,City of Wanneroo,Australian Campaign to ban land Mines,Workability,Wheelschairs for Kids,Western Australian Football Commission
Grahame Morris Consulting,Grahame Morris Consulting,33295017644,The Institute of Chartered Accountants
Gryphon Management Australia,Gryphon Management Australia,87109077607,North West Shelf Venture,Minara Resources,INPEX,WestNet Rail
Halden Burns Pty Ltd,Halden Burns Pty Ltd,48103657290,Perth Radiological Clinic,West Australian Pork Producers Association,Westpork,Polyline Industries,Italian Earthquake Disaster Fund,Moly Mines,Oakajee Port & Rail,Bemax/Cable Sands,D'Orsogna,McDermott Industries,Picardy,Rewards Group,Satterley Property Group,Serco/Acacia Prison,REIWA,Strzelecki Holdings Pty Ltd,Sun Microsystems,Town of Kwinana
Haukinima Trust,Haukinima Project,69516710086,The Institute of Political and Economic Research Inc.
Hawker Britton Group Pty Ltd,Hawker Britton,79109681405,Free TV Australia,Fujitsu Australia,Singleton Ogilvy & Mather Holdings,Energy Networks Association,AGL Energy Limited,AMP Limited,Bombardier Transportation Australia,MWH,Telstra,David Jones,University of Wollongong,Axia NetMedia Corporation,Thales,STW Group Ltd,Shining Prospect Pte. Ltd,Ambition Group Ltd,Comensura Pty Ltd,Jim Simpson,Football Federation Australia,Johnson Property Group,Barrick Gold Australia Ltd,Metro Transport Sydney,healthlinks.net pty. ltd.,Aged Care Industry Council,Aged Care Association Australia Ltd,Aged and Community Services Australia,Harness Racing Australia,Company B Belvoir Street Theatre,DH Technology,FoxPrint Solutions,Officeworks,Novatec Biosol AG,Israeli Aerospace Industries,Indra,Platinum Racing,Alternative Fuel Solutions,Winns Water Saver,Intercorp,Telsoft,PNG NRL Bid Team,Salesforce.com,Griffith University,Heinz Australia,Sino Gold Mining Limited,Galbally and O'Bryan,TATA Consultancy Services (TSC),RSPCA Australia,The Big Issue in Australia Limited,Transfield Holdings,Life Education Australia,Diageo Australia,Cerebral Palsy Australia,CITIC Pacific Mining Management Pty Ltd,Green Building Council of Australia,Australian Bight Abalone Management Pty Ltd,CEO Forum Group,Chinalco,Canada Steamship Lines Australia Pty Ltd,Australian Communication Exchange,The George Institute,Cash Converters,Australian News Channel Pty Ltd,Heathgate Resources Pty Ltd,Australian Association of Pathology Practices Inc,GlaxoSmithKline,AARNet,Great Southern Rail,Regional Kitchen Group,Hanrob Pty Ltd,Morgan and Banks Investments,Switch Media,Novartis Pharmaceuticals Australia,Australian Racing Drivers Association,Eastern Ranges GP Association,Sydney Opera House Trust,The Brain and Mind Research Institute (Sydney University),NASSCOM Australia,Melbourne Convention and Visitor's Bureau,Hands on Learning,United Nations University Institute of Advanced Studies,Watermark Search International,Quasar Resources Pty Ltd,Corrs Chambers Westgarth,J Walter Thompson (JWT),Local Government of Australia of SA,Logica Australia Pty Ltd,Torres Shire Council,ERM Power,Hong Kong Economic and Trade Office,JANSSEN-CILAG Pty Ltd,Sanofi-Aventis Australia Pty Limited,Uranium One Australia Pty Limited,Lend Lease Development Pty Ltd,Provic Group Inc.,Motor Trades Association of NSW,Diversity Council of Australia,Genworth Financial Australia,Genzyme Australasia Pty Ltd,Good Beginnings,NSW Council for Intellectual Disabilities,Non Profit Australia,Oracle Corporation,PricewaterhouseCoopers,DP World,Adelaide Airport Limited,National Council in Intellectual Disability,HSA Global,Strata Health,DLA Phillips Fox,Australian Publishers Association,Capral Limited,Bunnings,QA Pty Ltd,Arafura Pearls,Village Building Company,HRL Limited,Step to the Future Foundation,Abigroup,Macquarie Media,Device Technologies Australia Pty Ltd,Spark Solar Australia,Fonterra,Pfizer,DHL Excel Supply Chain,Mediacom,Merck Sharp & Dohme (Australia) Pty Ltd,Best Buddies Australia,Cash America International,amr interactive,ZOO Group,HOED,American Pork Export Trading Company,Australian Association on Developmental Disability Medicine,Aspen Medical,Etcom,Skywest Airlines,Museum of Contemporary Art - Sydney,Caliburn Partnership Pty Ltd,St Vincents and Mater Health Sydney,Australian Primary Principal's Association,Biomax (Smorgon Fuels),Peach Advertising,The Brand Agency,University of New South Wales,University of South Australia,University of Western Sydney,Association of Independent Schools of NSW,The Exodus Foundation,Motorola Australia,Macquarie Group Limited,McKesson Asia Pacific,Insurance Council of Australia Limited,QR Limited,Representatives of the Tiwi Community Campaign,RI Group China Ltd,Yum! Restaurants Australia,RUOK?,Straterjee Pty Ltd,Media Monitors,Knauf Insulation,Aviva Corporation Limited,Greenstone Group,KACOMM Communications Pty Ltd,Bougainville Islands Group Pty Ltd,Saint Hotels and Resorts Pty Ltd,Caterpillar Financial Australia Limited,Australian Council of Recyclers,Vision Australia,Raytheon Australia,AGSE Swinburne,Bradford Insulation,Carbon Conscious Limited,Screenrights,Copyright Agency Limited,Lynas Corporation,Merivale,MSP SINGAPORE COMPANY LLC,Australian Rain Corporation,UNSW Global,Windesal Ltd,Fred Hollows Foundation,City of Geraldton-Greenough,Direct Money,Beaufort Bombers,Reward Minerals Limited,Holocene Pty Ltd,North Australian Indigenous Land & Sea Management Alliance (NAILSMA),Argo Computing Services,Financial Services Institute of Australasia,CVA (Corporate Value Associates),Philanthropy Australia,Crown Castle,Juvenile Diabetes Research Foundation,Chartered Secretaries Australia,Global Green Plan,thebrandshop,University of New England
Health Communincations Australia Pty Limited,Health Communications Australia,87059613348,Monash University Department of Epidemiology,Digestive Diseases Research Limited,Schering-Plough Australia-New Zealand Pty Limited,Lundbeck Australia Pty Limited,CNS Pharma Pty Limited,Pharmatel Fresenius Kabi Pty Limited,Nycomed Australia Pty Limited,Oxford Health Alliance,Sydney University Institute of Obesity Nutrition and Exercise,International Diabetes Institute,The GUT Foundation,Novo Nordisk
Helen & Mike O'Brien JP,Helen & Mike O'Brien JP,65791217178,Jess Bordas,Janet Donald,Parins,Australian Pensioners & Superannuants League WA Inc,Hubert Smith
Herbert Geer,Herbert Geer,21228101686,Corum Group Limited,All Recruiting Services  Pty Ltd,Perilya Mine,Gilead Australia,Western Plains Resources
Hill and Knowlton,Hill & Knowlton,30008401134,Interactive Gaming Council,Swire Shipping,Cancer Council,InSinkErator,Nutricia,Horizon Science,Hasbro,National Indigenous Development Centre (NIDC),Internet Corporation for Assigned Names and Numbers (ICANN)
HTT Trust,HTT Associates Pty Ltd,71312847351,Perdaman Industries,IBA Health,Australian Unity,Australian and New Zealand Institute of Insurance and Finance
Hunt & Hunt,Hunt & Hunt,46229015970,ODM International
InsideOut Strategic,InsideOut Strategic Pty Ltd,14124392338,D'Orsogna Ltd,Guide Dogs Victoria,SAP Australia,Pacific Hydro,Marmalade Communications,AACL,Grollo Equiset,Degremont,Aviation Safety Foundation Australasia,Motorola,Clean Energy Council,Australian Energy Company,Building Designers Association of Victoria,Air Conditioning and Mechanical Contractors' Association of Australia (Victoria),Civil Contractors Federation (Victorian Branch)
Inspired Focus Solutions,Inspired Focus Solutions,99889116982,Chinese Community Council of Australia
Intech Strategies P/L,Intech Strategies,66006582921,Israel Military Industries,Elbit Systems Limited
InterCapital Group Pty Ltd,InterCapital Group Pty Ltd,31096554362,Victorian Land Tax Coalition,Lal Lal and Elaine Landscape Action Group Inc
Intercorp Pty Ltd,Intercorp Pty Ltd,88327768518,Israel Aerospace Industries Limited
Intermediary Consulting Pty Ltd,Intermediary Consulting Pty Ltd,84132834078,British American Tobacco Australia,CEPU PD (Vic),Hickory Developments Pty Ltd
Ivydale Nominees Pty Ltd,Riley Mathewson Public Relations,97081134698,Strategic Marine
Jackson Wells Pty Ltd,Jackson Wells Pty Ltd,16054785456,CP2,Employment Plus,Given Imaging,Water Services Association of Australia,Warner Brothers,Insurance Council of Australia,Dell Inc,Imperial Tobacco,Colgate-Palmolive Pty Limited
James Griffin,SR7,32011635230,Boulder Steel Limited
Jeffrey Wall,Jeffrey Wall Public Affairs,70070929544,Gold Coast Titans; Visy Corp; Liberty Resources,Oakjee Port and Rail;  AUSENCO; Hancock Prospecting;,Rio Tinto Limited;  Greencell; ATEC;Perdaman Chemicals and Fertilisers,Carbon Energy
Jim Claven,Jim Claven Consulting,82688786539,Community clubs Associatino of Victoria,United Fire Fighters Union of Australia,Royal Australian and New Zealand College of Psychiatrists - Medico-Legal Section
John C Blackwell,John Blackwell and Associates,40344935470,APC,AeroMobile AS,Autodesk,Cisco,GE International Holdings,Hitachi Data Systems,Kyocera Mita,Ricoh,Sharp,Sony Australia Limited,Software AG,Inmarsat,Intelsat
John Connolly & Partners Pty Limited,John Connolly & Partners,50056165827,KordaMentha,Queensland Investment Corporation,Country Energy,ANZ Limited,Leighton Holdings Pty Limited,West Australian Newspapers,Silcar,Inmarsat,BHP Billiton Ltd,Australian Payments Clearing Association,Wesfarmers,Chandler McLeod Group,ING Australia Limited,MBIA Group
John Durst Consulting,John Durst Consulting,40204621006,Allison Funeral Directors,Macarthur Intermodal Shipping Terminal (MIST),Independent Rail,Bowport Allroads Transport,The Australian Chamber of Fruit and Vegetable Wholesalers Ltd.,Rivcogroup,Coolomon Shire Council,Independent Rail/Road,Independent Transport Group,IndyGroup
John Engledow Pty Ltd,John Engledow Pty Ltd,34079944148,Ryebuck Media Pty Ltd,mediaheads Pty Ltd,RADD Australia Ltd
John O'Callaghan & Associates Pty Ltd,John O'Callaghan & Associates Pty Ltd,96086782425,SuperAlphaFund Financial Australia,Virgin Blue Airlines Pty Ltd,Media Manoeuvres,Eaglehawk Limited,Cabrini Health,Serco Australia Pty Ltd,Carney Associates,Public Affairs Australia
John O'Connor and Associates Pty Ltd,John O'Connor and Associates Pty Ltd,39098650241,CSBP Limited,Orica Australia Pty Ltd,Geofabrics Australasia Pty Ltd,Sunbeam Foods Pty Ltd,Australian Dried Fruits Association,Qenos Pty Ltd,OneSteel ATM Pty Ltd,Orrcon Operations Pty Ltd,Windsor Farm Foods Pty Ltd,Kimberly Clark Australia Pty Ltd,SCA Hygiene Australasia Pty Ltd
Kayaldo Pty Ltd,Commerce Management Services,52008640631,Association of Independent Retirees (A.I.R.) Ltd,Winemakers' Federation of Australia,TAFE Directors Australia
Keating Consulting Pty Ltd,Keating Consulting,31120669276,Westside Corporation,Housing Services Australia,Consolidated Properties,IFC Capital,Owston Nominees no 2,Capital Investment Group
Keith G Malcolm,Keith G Malcolm,13653501215,FreeTV Australia
"KELLY, PHILLIP ANDREW",Phillip Andrew Kelly,72271596502,CatholicCare,Sydney Archdiocese of the Catholic Church
Keston Technologies Pty Ltd,Keston Technologies Pty Ltd,68109373113,Zipporah Limited
Kim Beazley and Associates,Kim Beazley and Associates,57130861111,Ernst and Young
KMK Consulting Pty Ltd,KMK Consultinmg Pty Ltd,68123670039,Indigenous Business Services,WIPS ANZ Pty Ltd,Murdi Paaki Housing Pty Ltd,Maari Ma Health Aboriginal Health Corporation
KPMG,KPMG,51194660183,The Australian Federation of Travel Agents,The Nuance Group (Australia) Pty Limited,Nissan Motor Company (Australia) Pty Ltd,Centre for Customs and Excise Studies Pty Limited,Distilled Spirits Industry Council of Australia Inc,Kairos Prison Ministry Australia
Kreab Gavin Anderson (Australia) Ltd,Kreab Gavin Anderson,22003287643,ASC,AWB,Santos,John Button Literary Foundation Limited,The Mirabel Foundation,Fintrax Payment Services (Australia) P/L,Better Place Australia,APMG - Australasia,Envirogen Pty Ltd,Alcoa,Cement Australia,APM,ArcelorMittal,English Australia,Google,Foxtel,Australia Post,Great Barrier Reef Foundation,Biogen,Ramsay Health Care,Cotton Australia,Time Warner,Veolia,Unisys,Foster's Group Limited,Sydney Opera House,APHA,Coles,Vodafone,Water for Rivers,Australian Toy Association,BD,BHP-Billiton,Homeless World Cup,KKR,Murdoch Childrens Research Institute,National Sorry Day Committee,NICWER,Nyrstar,NatRoad Limited,DomGas Alliance,BlueScope Steel Limited,OneSteel Limited,Australian Egg Corporation Limited,AMSRO,AMSRS,Carnival Australia,Veda Advantage,Supro Pty Ltd,PDL Toll,Queensland Energy Resources Ltd,SBS,AICD,Apple,Mars
Last Word Corporate Communications,Last Word Corporate Communications,36276034654,WorkFocus Australia,Jatoil Ltd,BluGlass Ltd,Dixon Advisory,Sky News Australia - Australian News Channel Pty Ltd,Foxtel
Leisure Solutions®,Leisure Solutions®,61982432138,Australia-Taiwan Business Council,Future Materials,Australian Geoparks Network
Leonie M. Short,Leonie M. Short,33425786517,Griffith University,DRUG ARM Australasia,Australian Dental and Oral Health Therapists Association,Dental and Oral Health Therapists Association of Queensland
LESL Services Pty Ltd,LESL Services Pty Ltd,19096984440,Pinnacle Investments Housing,Talent2,Hill & Knowlton,Australian Capital Equity,Minter Ellison Lawyers
Lighthouse Communications Group Pty Ltd,Lighthouse Communications Group,84113421159,Wesley Mission,Taxation Institute of Australia,Clarius Group,The Brains Trust,Prince of Wales Medical Research Institute
LOPAC Pty Limited,LOPAC Pty Limited,72008517217,Cubic Defense Applications,Alliant Techsystems Inc,Kongsberg Protech Systems,Deschamps et Fils,Kollmorgen Electro-Optical,Kongsberg Defence Systems,Kongsberg Maritime,Supacat Ltd,BBN Technologies,American Technology Corporation,Combined Systems,Hughes Network Systems,CALZONI S.r.I.
M.I. Murren Trust,M. I. Murren Enterprises (MIME),71339789986,Shire of Christmas Island
MacGregor Public Relations,MacGregor Public Relations,18104844626,AGL,Bells Line Expressway Group,Solgen Energy,Chiropractors' Association of Australia (New South Wales),Cubic Corporation,Great Southern,Ilum-a-lite,Sharpe Brothers
Macquarie Group Limited,Macquarie Group Limited,94122169279,Macquarie Southern Cross Media Pty Ltd.,Macquarie Media Group,Macquarie Capital Alliance Group,Macquarie Airports Fund consisting of Macquarie Airports Ltd,Macquarie Airports Management Ltd in its capacity as RE of Macquarie Airports Trust (1) and Macquarie Airports Trust (2),Regis Aged Care Pty Ltd.
Majorca Partners Pty Ltd,Majorca Partners,13132945129,Parkinson's Australia,Roche Products Pty Limited,Hospira Inc
Manidis Roberts Pty Ltd,Manidis Roberts,42003550972,Hunter Gas Pipeline Pty Ltd,ING Real Estate Development Australia Pty Ltd,Incitec Pivot
Margaret Fisher & Associates,Margaret Fisher & Associates,16076713776,Newcastle Infrastructure Group,Donaldson Coal Holdings Limited
Marketplace Communications Pty Ltd,Marketplace Communications Pty Ltd,23011007293,Child Care Queensland
Markstone Group Pty Ltd,Markstone Group Pty Ltd,61106988970,Downer EDI,Leighton Contractors,VACC,Thales Australia,LeadWest,Melton Shire Council,Moonee Valley City Council,Wyndham City Council,Maribyrnong City Council,Brimbank City Council,Hobsons Bay City Council,Wodonga City Council,VICSERV,Post & Ante Natal Depression Association,Environmental Clean Technologies,Spotlight Group,NEC Australia,Baulderstone
Marlow Communications Pty Ltd,Marlow Communications Pty Ltd,39131696663,Uranium One,Sinosteel PepinNini Curnamona Management,Rex Minerals,Centrex Metals,Altona Energy
Marshall Place Associates,Marshall Place Associates,26088283872,Psychotherapists and Counsellors Federation of Australia,The Horizons Network Pty Ltd,'Life. Be in it.' International Pty Ltd,'Life. Be in it.' Australia Ltd
"McDermott, Lisa Susanne",Lisa McDermott Consulting,31940806314,Gosford City Council,Wyong Shire Council
McGrane-Fitzgerald Unit Trust,Haviland Hawk Consulting,83586804536,Deflecta Crete Seals,Rural & Regional Promotions Pty Ltd
Media Affairs,Media Affairs,51379388993,Berkeley Property Group,JPG,Red Giraffe,Norwood Hall Asia Group,Berkeley Living,Ausker Group,Oracle Australia,VHA GlobalGroup
mediaforce pty ltd,Mediaforce,88010316266,bsa ltd,brush island pty ltd,the encouragement foundation ltd,brisbane grammar school,new zealand waterways restoration ltd
Megan Anwyl,Anwyl Consulting,13159060561,Karara Mining Ltd,Magnetite Network,Mirvac Pty Ltd,CBus Property,North West Iron Ore Alliance,Skywest Airlines Pty Ltd,Crystal Exploration and Production Company (Nassau) Limited,The Wilderness Society WA,Atlas Iron Ltd,Extension Hill Pty Ltd,Citic Pacific Mining Management,Brockman Resources Ltd
Melissa Horne Consulting,Melissa Horne Consulting,79429008272,Capgemini,Forest Products Association NSW
michael hitchens consulting,michael hitchens consulting,85754174915,australian industry greenhouse network
Monsoon Communications Pty Ltd,Monsoon Communications Pty Ltd,12086850919,Proto Resources & Investments Ltd,Greenpower Energy Ltd,ATOS Wellness
National Capital Communications Pty Ltd,National Capital Communications Pty Ltd,12095763349,Green Energy Gas Engines Pty Ltd
National Public Affairs Group,National Public Affairs Group,63061340010,Refrigerants Australia Ltd,Lennox International,Air-conditioning and Refrigeration Equipment Manufacturers Association,Nestle Australia Pty Ltd
Nayton Communication Pty Ltd,Nayton Communication,52136809884,Cooperative Research Centre for Sustainable Processing,Curtin University of Technology,Toro Energy Limited
NeatCorp Pty Ltd,NeatCorp Pty Ltd,65003124114,Corporate Public Affairs,Landcom,The GPT Group
new energy directions Pty Ltd,new energy diections Pty Ltd,40127773406,The University of Adelaide,The Solar Shop,Solar Systems,Phoenix Solar,H2O Conservation Solutions Pty Ltd
"OMALLEY, Susanne Patricia",Medical intelligence,37192561540,Device Technologies,Given Imaging,TYCO Healthcare
Oceanic Solutions Pty Ltd,Jemnica Family Trust,18830805302,Ultra Electronics Australia,Navantia
Ogilvy PR Health,Ogilvy PR Health Pty Ltd,50123111857,Bristol-Myers Squibb,sanofi-aventis,Private Cancer Physicians of Australia (PCPA),Celgene,Genzyme,Merck Serono,Ikaria,Simavita
Open Door Consulting,Open Door Consulting,81263896266,Australian Institute of Applied Science,Worley Parsons Limited,Queensland Labelmakers,Ostwald Bros Pty Ltd,Shell Company of Australia,Caravan Association of Queensland Inc
Optimum Tac Pty Ltd,Optimum Tac,21115777663,AAI Corporation
Parker & Partners Pty Ltd,Parker & Partners Public Affairs,22083475683,Veolia,Waste Management Association of Australia,WPP plc,Emirates Group,Nippon Paper Co. Ltd,APPEA,STW Group Ltd,Minorplanet,Tiedemann Investment Group,A4e,Telstra,Australian Landfill Owners Association,CSL Limited,Darley,EDS,Emirates Airline,Emirates Hotels & Resorts,Alcatel Lucent,Bristol-Myers Squibb,Nestle,Diabetes Australia,Mission Australia,Dubai Holdings,AstraZeneca,Bell Shakespeare,Lance Armstrong Foundation,NSW Business Chamber,Magnetar Capital LLC,Commercial Hospital Operators Australia,sanofi-aventis,Australian Institute of Company Directors
Peter Fletcher,Peter Fletcher,66775771644,Australian Bookmakers Association,NSW Bookmakers Co-operative Ltd,Centrebet International
Peterkin Consulting,Peterkin Consulting,54831192373,Dungog Shire Council
Phoenix Public Affairs,Phoenix Public Affairs,79912692455,Women's Housing Limited,Community Housing Federation of Victoria,ACE National Disability Employment Australia,Bonnie Babes Foundation,arbias Ltd,Owners Corporations Victoria,Australian Institute of Building Surveyors
Policy Solutions Group Pty Ltd,The Agenda Group (NSW),71134917356,Superalpha Fund,Liquidnet
Preferential Publications Pty Ltd,Preferential Publications Pty Ltd,99070592568,MATERIAL TECHNOLOGIES INC. (United States company),Bardon Latrobe Soccer Club,Supported Accommodation Providers Association Inc,Australian Services Union Queensland Services Branch,Electrical Trades Union - Qld & NT branch,NSW Nurses Association,Valley District Cricket Club Inc,Queensland Nurses Union
Premier Public Relations Pty Ltd,Premier Public Relations Pty Ltd,63106038304,Committee for Ballarat,FMP,University of Ballarat
PricewaterhouseCoopers,PricewaterhouseCoopers,52780433757,VATit,Australian Federation of International Forewarders,Australian International Movers Association,Customs Brokers and Forwarders Council  of Australia,Conference of Asia Pacific Express Carriers (CAPEC)
Primary Communication Pty Ltd,Primary Communication,62061627263,BOC,Anex
Probity International Pty Ltd,Probity International,77076174126,Elbit Systems Ltd,Intech Strategies Pty Ltd
Professional Public Relations Pty Ltd (PPR),Professional Public Relations Pty Ltd (PPR),16001045450,MasterCard,The University Admissions Centre,ATM Industry Reference Group,McDonald's Australia
Profile Ray & Berndtson Limited as the Trustee for the Profile Trust,Profile Ray & Berndtson,38519788465,Mega Redport Pty Ltd,Australian College of Physical Education,Metcash Trading Limited,Grocon Pty Ltd,Bilfinger Berger Services,GRD Limited,Tenix Alliance,Fortius Funds Management Pty Ltd,Accenture,General Dynamics,Thales Australia,Macmahon Contractors,Astra Zeneca Pty Ltd,Macquarie Group,Neurosurgical Society of Australasia
Providence NDR Pty Ltd,Providence NDR,41123050699,Prudentia Investments Pty Ltd,NU Energy Pty Ltd,Oak Tasmania
Public Affairs Network Pty Ltd,Public Affairs Network,49083954072,Central Sydney GP Network,Campbell Arnott's
Public Policy Solutions Pty Ltd,Public Policy Solutions Pty Ltd,41108538772,Res Publica Pty Ltd,Australia New Zealand College of Anaesthetists,Pindo Deli,Smartpath,Surfaid,AMP,Telstra,Lion Nathan Australia Ltd,PBL Media Ltd,Yalari,Gold Hong Ye,UltimateSkills Australia Pty Ltd,Centre for Customs and Excise Studies,Plenary Group,KPMG
Public Relations Exchange Pty Ltd,Public Relations Exchange,71595434578,Australian Pharmaceutical Industries,AAMI,South Pacific Tyres,Phosphagenics Limited,Hawthorn Resources Limited,Biomax Pty Ltd,Australian Council for Private Education and Training,Australian Wealth Management/IOOF,Flexitank
Pynfall Pty Ltd,Pynfall Pty Ltd,39008566943,PSM GmbH
R J O'Shea Management Pty Ltd,R J O'Shea Management Pty Ltd,90002723346,Riviera Health Pty Ltd,The Armenian Rest Homes Association,Survivorco Pty Ltd,Marco Polo Aged Care Services Pty Ltd,Palms Aged Living Management Services Pty Ltd,John Paul Village,Kennedy Health Care Pty Ltd,St Hedwig's Village Pty Ltd,Estonian Relief Committee,Hardi Nursing Homes Pty Ltd,Marlowe Homes Pty Ltd,Vaughan Village Retirement Village,Clancy Terrace Retirement Village,MacKillop Grange Retirement Village
Radio Spectrum Management Pty Ltd,Radio Spectrum Management Pty Ltd,19120663925,Ericsson
Ranicar and Nicholls Consulting,Ranicar and Nicholls Consulting,59344821734,Intercorp Pty Limited,Blue Glue Pty Ltd,Acacia Research Pty Ltd
Recognition Public Relations Pty Ltd,Recognition Public Relations Pty Ltd,30003024780,Business Software Alliance (BSA),Jeans4Genes,Childrens Medical Research Institute
RedStick Strategic Communications,RedStick,63647578352,MAN Military,Commttee for Geelong,Great South Coast Municipalities Group,Costa Group of Companies,Geelong Football Club,Pettavel Winery,Geelong Regional Vocational Education Council,Anam Cara House,Australian National Academy of Music,Geelong Regional Alliance,Princes Highway West Alliance of Local Government,City of Greater Geelong,Australian Centre of Excellence for Risk Analysis,Geelong Art Gallery,Greater Golf 2010 (GDGA),Lake Imaging,St John of God Healthcare,ACDC (Developments),Time for Youth,Northern Futures,Liberty Swing,MAE Pacific,Melbourne Recital Centre
REPUBLIC Consulting,REPUBLIC,94103092020,American Express,GreenCross,Insead,Stella Travel Services,Travelscene,Lions Australia,Endispute
Reputation Pty Ltd,Reputation,57099852810,Reed in Partnership,Philips Australia,LIXI Limited,Mortgage Choice
Repute Communications and Associates Pty Ltd,Repute Communications & Associates Pty Ltd,30127240359,Iplex Pipelines,Energy Retailers Association of Australia,Port Waratah Coal Services,Australian Waste Oil Refineries
Res Publica Pty Ltd,Res Publica Pty Ltd,63103178258,Microbiogen Pty Ltd,Lion Nathan,The Australian Private Equity & Venture Capital Association (AVCAL),Plenary Group Australia,Fitness Australia,A2 Dairy Products Australia,SpinalCure Australia,CAMRA,Cosmetic Physicians Society of Australasia (CPSA),Australian Association of National Advertisers (AANA),nib,Unilever
Richard Farrell & Associates,Richard Farrell & Associates,58110895284,Wilson Transformer Company Pty Limited
Richardson Coutts,Richardson Coutts Pty Ltd,20126507211,GMW Urban,Sing Tel Optus Pty Ltd,Deacons,Patrick,Intergraph,Boveri Defence Systems,Dymocks,McKinsey and Company,Plenary Group,Jagermeister,WSN,Royal Caribbean Line Australia,BHP Billiton,Veda Advantage,Woollahra Municipal Council
Richglen Holdings Pty Ltd,Richglen Holdings Pty Ltd,73008641530,Muscular Dystrophy Australia,Association of Marine Park Tourism Operators
RJ Carr Pty Ltd,RJ Carr Pty Ltd,67115672921,KPMG,Asbestos Disease Research Foundation,The Climate Institute,Mallesons Stephen Jaques,Macquarie Group Ltd,Visy
Roadmap Strategic Consulting Pty Ltd,Roadmap Strategic Consulting Pty Ltd,27118478667,AGL Gas Production (Camden) Pty Ltd,Retirement Village Association,NSW Commission for Children and Young People
Robert B Maher,Robert B Maher,75680652515,UBS AG
Roland William Manning,RWM Consultancy,16685169690,Centre for Chronic Disease SOM UQ,Wangatunga Strong Womens Inc,Why Warriors P/L,Australian Consumers Association,Yarri Indigenous Clan-Nation Inc,Darwin Scenic Helicopters,Charles Sturt University,Computachem Pharmacy Services
Rolyngra Pty Ltd,Rolyngra,71080572836,BSR Solutions
Rowland,Rowland Pty Ltd,59011033364,Hancock Prospecting Pty Ltd,Matrix Group (Aust) Pty Ltd,Ensham Resources Pty Ltd,The Queensland Orchestra,Brookfield Multiplex Residential,Bundaberg Sugar,Consolidated Rutile Limited,Gladstone Pacific Nickel,Xstrata Coal,Xstrata Copper,Xstrata Zinc
Royce (Vic) Pty Ltd,Royce (Vic) Pty Ltd,28659256311,Austin Hospital,Australian Country Spinners,Melbourne Airport
Saje Technology Associates Pty Limited,Saje Industries,40008570107,MBDA Italy S.p.A.,Blake Dawson,EABC Pte Ltd,Societa Esplosivi Industriali S.p.A.,Oto Melara S.p.A.,Applied Management Services Pty Ltd,Alenia Aeronautica S.p.A.,Alenia Aermacchi S.p.A.,Whitehead Alenia Sistemi Subacquei S.p.A,Eurotorp G.E.I.E,European Asian Australasian Business Consultants Pty Ltd
Salmon Odgers Family Trust,Salmon Communications Pty Ltd,46653260366,Standards Australia,Johnson Property Group,Housing Industry Association,Bridge Business College
sandra nori consultant,sandra nori consultant,23193859070,Lawler Partners,Rob Potts Entertainment Edge,Datadot Technology Ltd,Duke of Edinburgh Award unpaid,Wayside Chapel fundraising committee unpaid,FATD(for the South Pac's Dancespoprt Championships) paid and unpaid,Orion Expedition Cruises
SAS Consulting Group Pty Ltd,SAS Group,33136520548,Brisbane City Council,ERM Power Pty Ltd,Queensland Institute of Medical Research,Duke of Edinburgh Awards
Scaffidi Hugh-Jones Pty Ltd ACN 126 085 952,Scaffidi Hugh-Jones,67617073688,Bowel Cancer Coalition
Sciaccas Lawyers and Consultants,Sciaccas Lawyers and Consultants,97440853857,Electrical and Communication Association of Queensland,Manildra Group,Springfield Land Corporation,Thiess Pty Ltd,Richard Flanagan & Company,Buildev Development Group,Indue Ltd,Fiteni Homes
Scott & Beaumont Pty Ltd,Scott & Beaumont Pty Ltd,14084972538,ConnectLand Pty Ltd; Koppers Australia,Country Group
Scott Consulting Services Pty Ltd,Scott Consulting Services Pty Ltd,50099274870,Australian Meals on Wheels,Cooperative Bulk Handling Group,Australian Automobile Association
Scott Taylor Commmunication Pty Ltd,Scott Taylor Commmunication,48091249348,Lowy Institute,Malcolm Group,Ramsay Property Group,Lucas Property Group,NSW Harness Racing Club,St Vincent De Paul NSW & ACT (pro bono),Mathew Talbot Hostel (pro bono),Transnational Investments,Delmo Albion Park,Stevens Group
Sefiani Communications Group,Sefiani Communications Group,86090759032,Central Darling Shire,Luxottica Australia,Special Olympics Australia
shac Pty Ltd,shac Communications,23113749858,Intrepica Pty Ltd,DEXUS Property Group,Lion Nathan Ltd,Carbon Energy,Leighton Contractors
SME Associates Pty Ltd,SME Associates,55097768799,Australian Finance Conference
Socom Pty Ltd,Socom,58097123012,Veolia Environmental Services,TRUenergy,Pedestrian Council of Australia,Museum Victoria,Scope Victoria,Vision Australia,South East Metro Councils of Melbourne,Interface Councils of Victoria,Gippsland Local Government Network,Regional Cities Victoria,Sims Metal (Victoria),Nation Disabilities Insurance Scheme Coalition,Inter Agency Group Victoria (Disability Services)
Sofema,Sofema,80008377571,ECA (French robotic technologies company),MBDA (European Military Systems Company),Sagem Defense Securite (French Military Technology Company),Nexter (French Military Systems Company),Renault Trucks Defense,DCNS (French Shipbuilder)
Spectrum Planning Services Pty Ltd,Spectrum Planning Services Pty Ltd,69123739720,CEA Technologies
SPIER CONSULTING P/L,SPIER CONSULTING,60093621455,Queensland Newsagents
Springboard Australia Pty Ltd,Springboard Australia Pty Ltd,21102927300,iiNet Limited,Eli Lilly Australia Pty Ltd,Chi-X,FCC Partnership Pty Ltd,Ochre Health,Australian Casino Association
ST CLAIR Anthony William,Bellair Pastoral Consultants,75686100159,MBDBiodiesel
Statecraft,Statecraft Pty. Ltd.,90116598924,Epilepsy Action Australia,DP World,Dimension Data,Distilled Spirits Industry Council of Australia Inc. (DSICA),KPMG,McCann Worldgroup,Reliance Rail,Farmacomm,Rotech Design
Steve Ayling and Associates Pty Ltd,Steve Ayling and Associates Pty Ltd,66100164181,Elbit Systems
Strazeele Consulting,Strazeele Consulting,74523910933,Pharmacy Practice Foundation (pro bono),Pharmacy Guild of Australia
Synergies Economic Consulting,Synergies Economic Consulting,42390743684,CSL Limited
Tasman Communications Australia Pty Ltd,Tasman Communications,80097143425,Geelong Christian College,AMEX Torquay Project,Trinity Funds Management Limited,Gleaner Developments,Torquay Project Number One,Forest Enterprises Australia Ltd,Clyde River Irrigators,Tasmanian Farmers and Graziers Association
"Taylor, Fergus Hedley Scott",FT Communications,65473945599,Cocoon Data Pty Ltd,The Stevens Group,NSW Harness Racing Club
The Canberra Institute,ACT Trading,59954528757,Eaglehawk Pty Ltd,Emirates Trading Australia,The Waterhouse Group,Sanctuary Energy,Universal Spectrum Access Limited
The De Wintern Group,The De Wintern Group,35004697107,NetChoice,Editure Ltd
The Fifth Estate Consultancy Pty Ltd,The Fifth Estate,51069838222,Eastern Australian Agriculture,Newnes Kaolin Pty Ltd,Air and Mine Equipment Institute of Australasia,Compressed Air Association of Australasia,Willmott Timbers,Tandou Limited,Willmott Forests Limited,Business for Millennium Development,Relationships Forum Australia,Visy Pty Ltd,Bulklink,Ethanol Technologies Pty Ltd,Veolia Environmental Services Australia Pty Ltd,Port Kembla Copper Pty Ltd,Austar Coal Mine Pty Ltd,Power Tools Association of Australasia,Boral Limited,Australian Rain Corporation Pty Ltd
The Holland Trust,Holland Consultants Pty Ltd,98760171792,House of Kangaroo,Stuart Alexander Pty Ltd,Cronulla Sutherland Rugby League Football Club,Mawson's Huts Foundation,Distilled Spirits Industry Council of Australia,Rotec Design Pty Ltd,FarmaComm,Statecraft
The Meredith Jenkins Family Trust,Meredyan Pty Ltd,83157032667,Bioniche,Australian Groundwater Technologies,The Health Arts College,Solagran Limited,ABS Australia,The Mecrus Group,Black & Veatch,Desaln8
The Mooney Family Trust,Maynelion Pty Ltd,54674641670,AEC Group,Ipa Personnel,Trinity Park Investments Pty Ltd,ESH
The Strategic Counsel Pty Ltd,The Strategic Counsel,41087883675,Clifford Hallam Healthcare Pty Ltd,Neurosciences Australia Ltd,ShareLife Australia Ltd,CanTeen Australia Ltd,Lifeaudiology Pty Ltd,Lifehealthcare Pty Ltd,Aspen Medical Pty Ltd,Australian Pharmaceutical Industries Ltd
The Trustee for Hilton Valley Investment,Affairs of State,44230891629,Australian Car Wash Association,Cocoon Data,EDS Australia,Aperium Pty Ltd
The Trustee for Markeit Family Trust,Creative Custom Strategies,91431104249,BioCentral Laboratories Limited,Prevent,Pongrass Group of Companies
The Trustee for MJM Family Trust,Miller Communications Group,25342815983,Retailers Association of Australia,Goori House/Lifeways
The Trustee for the Bowden Family Trust,Foresight Communications,31267269201,Flordis,Kelly Services,Dusseldorp Skills Forum,Group Training Australia,Hunter Economic Zone,TAFE Directors Australia,Sikorsky Aircraft Corporation,Australian Self Medication Industry,Vertel
The Trustee for THE D & W CHRISTISON FAMILY TRUST,Christison Ewing and Associates (The NCS Group),70997483976,Spinifex Trading (Halls Creek Store),Benchmark Debtor Finance (SPB Group)
The Trustee for The OneProfile Communications Unit Trust,OneProfile Communications,38029778150,SuperAlphaFund Financial Pty Ltd
The Trustee for The Talburpin Trust,AUSPresence Pty Ltd,25499627540,Skybridge (Australia) Pty Ltd,Bordernet Pty Ltd
Theodorsen Consulting Pty Ltd,Theodorsen Consulting,51107758350,Claremont Firearms,Sporting Shooters Association of Australia (WA),Recruitment and Consulting Services Association Ltd
Three Plus,Three Plus Pty Ltd as Trustee for The Three Plus Unit Trust,41680015448,Roche Products,Hospira Inc,Parkinson's Australia,Solvay Pharmaceuticals Australia,FirstMac Limited,Silver Chef Limited
Tim Fawcett and Associates,Tim Fawcett and Associates,66109302687,Enhance Corporate,E-Centric Innovations
TITFA Consultancy Pty Ltd,TITFA Consultancy Pty Ltd,11098069857,QHGP Pty Ltd,Brookfield Multiplex Ltd
TJM Consulting,TJM Consulting,54616977316,AFL (NSW/ACT),Optometrist Association Australia NSW Division,Monarch Investment Group ofCompanies,Iqra Grammar College
Todd Loydell,Loydell Consulting,42813498620,CO2 Australia,Northern Gulf Resource Management Group,The Cement Industry Federation
Tonina Group Pty Ltd,Tonina Group,48120246068,CSL Ltd,Cement Concrete Aggregates Australia
Trustee for Consultum Trust,Consultum,32844592574,Icon Energy,Verde Property (Australia) Pty Ltd,Habitat Early Learning,SV Partners Group,Noosa Sanctuary incorporating Quay West Noosa Resort
Vanguard Consulting Services,Vanguard Consulting Services,19133444041,Leighton Contractors Pty Limited (LCPL),Australian Society of Ophthalmologists (ASO),Queensland Emergency Medicine Research Foundation (QEMRF),Specialist Connect Pty Ltd (SCPL),Salaried Doctors Queensland (SDQ)
Wand & Associates Pty Ltd,Wand &  Associates Pty Ltd,41092252027,Advanced Dynamics Limited,Proposed CRC for Remote Economic Participation,Desert Knowledge CRC
Wattle Hill Pty Ltd,ISSR,72093076816,Defence and Security Applications Research Centre,DWA(UK),Bronzesky Pty Ltd,1374666 Ontario Ltd
Wayne Smith,Wayne Smith,43635118016,Ausra Pty Ltd
Wright Corporate Group Pty Ltd,Wright Corporate Group,42008557668,Opentec Solutions Pty Limited,Intergrated Carbon Sequestration (ICS)Pty Ltd
